neuron,gate_pre,gate_after_silu,read,coefficient_gate_x_read,write_norm,atom_output_norm,direct_target_logit_proxy,causal_target_logit_delta,causal_top1_changed
4520,5.329161167144775,5.303449630737305,-3.817499876022339,-20.24591827392578,0.5666494965553284,11.472339630126953,0.5989999771118164,-0.875,False
3433,2.2588577270507812,2.045196533203125,-3.1237165927886963,-6.388614177703857,0.6271971464157104,4.006920337677002,0.14536328613758087,-0.140625,False
93,2.846402645111084,2.690227508544922,3.694934368133545,9.940214157104492,0.546613872051239,5.4334588050842285,-0.11768067628145218,0.140625,False
4492,1.9118993282318115,1.6657086610794067,-1.7627240419387817,-2.9361846446990967,0.5622539520263672,1.6508814096450806,0.08591873943805695,,
1043,4.016742706298828,3.9456748962402344,-1.8366777896881104,-7.246933460235596,0.5072075128555298,3.675699234008789,0.0629170686006546,,
3722,3.849045753479004,3.768770694732666,1.1355527639389038,4.279637813568115,0.45174410939216614,1.9333012104034424,0.04344291612505913,,
3676,1.7520227432250977,1.4930872917175293,1.9632980823516846,2.931375503540039,0.656237781047821,1.923679232597351,0.04085680842399597,,
1935,3.039215087890625,2.900367498397827,1.2725448608398438,3.690847873687744,0.43244874477386475,1.5961025953292847,0.0403333455324173,,
